[
	{
		"name":"udp",
		"time":120,
		"description":"Udp Flood",
		"group":"test",
		"default port":80,
		"default time":100,
		"permission":[],
		"api":[
			"http://placeholder.co/api?host=<<$host>>&port=<<$port>>&time=<<$time>>&method=realmethodname"
		],
		"server":[
			{
				"name":"omega",
				"command":"./udp <<$host>> <<$port>> <<$time>>"
			},
			{
				"name":"alpha",
				"command":"wall <<$host>> <<$port>> <<$time>>"
			}
		],
		"botnet":{
			"qbot":"udp",
			"mirai":"udp"
		}
	},
	{
		"name":"tcp",
		"time":120,
		"description":"tcp Flood",
		"permission":["vip"],
		"api":[
			"http://link.one",
			"http://link.two",
			"http://link.three"
		]
	},
	{
		"name":"ldap",
		"time":120,
		"description":"ldap amplification Flood",
		"permission":["vip","admin"],
		"api":[
			"http://link.one"
		]
	},
	{
		"name":"bigddos",
		"time":2111,
		"description":"hacker",
		"permission":[],
        "botnet":{
            "mirai":"udp"
        }

	}
]
